CHAPTER	NB	STYLE	character	text	branch	SCENE	Character Art	VOICE	effect	BGM	other
1.劍士 → 聖劍士／劍鬼	1	MONOLOGUE(獨白)	玩家	那天下線前，徽章燙了一下。							
1.劍士 → 聖劍士／劍鬼	2	MONOLOGUE(獨白)	玩家	不是錯覺。掛在胸前的劍士徽章，溫度比周圍高了一點點，像剛被誰握過。							
1.劍士 → 聖劍士／劍鬼	3	MONOLOGUE(獨白)	玩家	你看了看它。花紋已經磨得不太清楚了——這半年你揮了太多次。							
1.劍士 → 聖劍士／劍鬼	4	DIALOGUE(對話)	你	……壞了嗎？							
1.劍士 → 聖劍士／劍鬼	5	MONOLOGUE(獨白)	玩家	隔天登入，你照舊往古城的方向走。那條路你走過幾百次，閉著眼睛都知道第幾步該轉彎。							
1.劍士 → 聖劍士／劍鬼	6	MONOLOGUE(獨白)	玩家	然後你在第三個轉角停住了。							
1.劍士 → 聖劍士／劍鬼	7	MONOLOGUE(獨白)	玩家	那裡多了一道門。							
1.劍士 → 聖劍士／劍鬼	8	MONOLOGUE(獨白)	玩家	不是新蓋的。牆上的苔痕和石縫的裂法，都跟旁邊的老牆一模一樣——它看起來已經在那裡很久了。							
1.劍士 → 聖劍士／劍鬼	9	MONOLOGUE(獨白)	玩家	久到你開始懷疑，是不是自己每次都剛好沒看見。							
1.劍士 → 聖劍士／劍鬼	10	MONOLOGUE(獨白)	玩家	徽章又燙了一下。這次很明確，像是有人在推你的背。							
1.劍士 → 聖劍士／劍鬼	11	MONOLOGUE(獨白)	玩家	門後是一片空地。沒有屋頂，光從上面漏下來，照著地上一圈一圈的痕跡。							
1.劍士 → 聖劍士／劍鬼	12	MONOLOGUE(獨白)	玩家	那是有人在同一個位置站了很久、轉了很多次身，才會留下的痕跡。							
1.劍士 → 聖劍士／劍鬼	13	MONOLOGUE(獨白)	玩家	空地中央坐著一個人。舊袍子洗到發白，膝上橫著一把沒有出鞘的劍。							
1.劍士 → 聖劍士／劍鬼	14	DIALOGUE(對話)	白鷺	坐。			白鷺				
1.劍士 → 聖劍士／劍鬼	15	DIALOGUE(對話)	你	……你在等我？							
1.劍士 → 聖劍士／劍鬼	16	DIALOGUE(對話)	白鷺	我沒有在等你。			白鷺				
1.劍士 → 聖劍士／劍鬼	17	DIALOGUE(對話)	白鷺	我在這裡。你剛好走進來。			白鷺				
1.劍士 → 聖劍士／劍鬼	18	MONOLOGUE(獨白)	玩家	她說話的方式很奇怪——不是冷淡，是那種「已經很久沒有需要解釋任何事」的平。							
1.劍士 → 聖劍士／劍鬼	19	DIALOGUE(對話)	你	那道門以前不在。							
1.劍士 → 聖劍士／劍鬼	20	DIALOGUE(對話)	白鷺	門一直都在。			白鷺				
1.劍士 → 聖劍士／劍鬼	21	DIALOGUE(對話)	白鷺	是你的徽章今天才看得見它。			白鷺				
1.劍士 → 聖劍士／劍鬼	22	DIALOGUE(對話)	你	你是誰？							
1.劍士 → 聖劍士／劍鬼	23	DIALOGUE(對話)	白鷺	白鷺。			白鷺				
1.劍士 → 聖劍士／劍鬼	24	DIALOGUE(對話)	你	公會的人？							
1.劍士 → 聖劍士／劍鬼	25	DIALOGUE(對話)	白鷺	不是。			白鷺				
1.劍士 → 聖劍士／劍鬼	26	DIALOGUE(對話)	你	那你為什麼在這裡？							
1.劍士 → 聖劍士／劍鬼	27	MONOLOGUE(獨白)	玩家	她停了一下。那個停頓比回答本身長。							
1.劍士 → 聖劍士／劍鬼	28	DIALOGUE(對話)	白鷺	……有人要我在這裡等。			白鷺				
1.劍士 → 聖劍士／劍鬼	29	DIALOGUE(對話)	你	等誰？							
1.劍士 → 聖劍士／劍鬼	30	DIALOGUE(對話)	白鷺	忘記了。			白鷺				
1.劍士 → 聖劍士／劍鬼	31	MONOLOGUE(獨白)	玩家	她說忘記了的時候，右手在膝上的劍鞘上敲了兩下。							
1.劍士 → 聖劍士／劍鬼	32	MONOLOGUE(獨白)	玩家	你這才注意到——那隻手只剩三根手指。							
1.劍士 → 聖劍士／劍鬼	33	DIALOGUE(對話)	你	你的手——							
1.劍士 → 聖劍士／劍鬼	34	DIALOGUE(對話)	白鷺	擋過一次不該擋的。			白鷺				
1.劍士 → 聖劍士／劍鬼	35	MONOLOGUE(獨白)	玩家	她把手收進袖子裡，動作自然得像做過很多次。							
1.劍士 → 聖劍士／劍鬼	36	DIALOGUE(對話)	白鷺	你的徽章磨成那樣，代表你揮了很多次。			白鷺				
1.劍士 → 聖劍士／劍鬼	37	DIALOGUE(對話)	白鷺	但揮得多，跟懂得為什麼揮，是兩件事。			白鷺				
1.劍士 → 聖劍士／劍鬼	38	MONOLOGUE(獨白)	玩家	她抬眼看你。那是進門以來第一次。							
1.劍士 → 聖劍士／劍鬼	39	DIALOGUE(對話)	白鷺	所以我問你——			白鷺				
1.劍士 → 聖劍士／劍鬼	40	DIALOGUE(對話)	白鷺	你的劍，是為了斬斷什麼？			白鷺				
1.劍士 → 聖劍士／劍鬼	41	CHOICE(選項)		（你發現自己沒辦法隨便回答。）							選項：為了護住身後的人 → holy ／ 選項：為了斬盡擋路的一切 → oni
1.劍士 → 聖劍士／劍鬼	42	DIALOGUE(對話)	你	為了護住身後的人。	holy						
1.劍士 → 聖劍士／劍鬼	43	MONOLOGUE(獨白)	玩家	白鷺沒有點頭，也沒有搖頭。她只是把膝上的劍立了起來。	holy						
1.劍士 → 聖劍士／劍鬼	44	DIALOGUE(對話)	白鷺	那你要有心理準備。	holy		白鷺				
1.劍士 → 聖劍士／劍鬼	45	DIALOGUE(對話)	白鷺	護人的劍不能只贏。它得撐住——撐到最後一個人走出去為止。	holy		白鷺				
1.劍士 → 聖劍士／劍鬼	46	DIALOGUE(對話)	白鷺	贏一次很容易。撐住很難。	holy		白鷺				
1.劍士 → 聖劍士／劍鬼	47	MONOLOGUE(獨白)	玩家	她站起身。空地上那些轉身的痕跡，正好對上她的腳。	holy						
1.劍士 → 聖劍士／劍鬼	48	DIALOGUE(對話)	白鷺	我當年沒撐住。	holy		白鷺				
1.劍士 → 聖劍士／劍鬼	49	DIALOGUE(對話)	你	……那個人怎麼了？	holy						
1.劍士 → 聖劍士／劍鬼	50	DIALOGUE(對話)	白鷺	不知道。我只知道我沒撐住。	holy		白鷺				
1.劍士 → 聖劍士／劍鬼	51	MONOLOGUE(獨白)	玩家	她握住劍柄。三根手指，握法你從來沒見過。	holy						
1.劍士 → 聖劍士／劍鬼	52	DIALOGUE(對話)	白鷺	站起來。讓我看看你現在的樣子。	holy		白鷺				
1.劍士 → 聖劍士／劍鬼	53	BATTLE(戰鬥)	白鷺	⚔️ 戰鬥：白鷺　她沒有拔劍。她只是走過來——然後你發現自己已經在擋了。	holy						必勝(mustWin)
1.劍士 → 聖劍士／劍鬼	54	MONOLOGUE(獨白)	玩家	她退了半步，把劍放下。	holy						
1.劍士 → 聖劍士／劍鬼	55	DIALOGUE(對話)	白鷺	……可以了。	holy		白鷺				
1.劍士 → 聖劍士／劍鬼	56	DIALOGUE(對話)	你	我贏了？	holy						
1.劍士 → 聖劍士／劍鬼	57	DIALOGUE(對話)	白鷺	你沒有倒。這比贏重要。	holy		白鷺				
1.劍士 → 聖劍士／劍鬼	58	MONOLOGUE(獨白)	玩家	胸前的徽章突然燙起來，燙到你必須把它摘下來。	holy						
1.劍士 → 聖劍士／劍鬼	59	MONOLOGUE(獨白)	玩家	它在你掌心裡開始改變形狀。不是碎裂，也不是重鑄——比較像是它終於想起了自己原本該是什麼樣子。	holy						
1.劍士 → 聖劍士／劍鬼	60	DIALOGUE(對話)	你	這是——	holy						
1.劍士 → 聖劍士／劍鬼	61	DIALOGUE(對話)	白鷺	它自己變的。跟我沒有關係。	holy		白鷺				
1.劍士 → 聖劍士／劍鬼	62	TRANSFER(轉職)		✨ 徽章進化：掌心裡的東西安靜下來。它變重了，而且比剛才冷。	holy						換發：job_holyblade_t2_v1　消耗一轉徽章＋變更登記費
1.劍士 → 聖劍士／劍鬼	63	DIALOGUE(對話)	白鷺	拿好。它現在還不認得你。	holy		白鷺				
1.劍士 → 聖劍士／劍鬼	64	DIALOGUE(對話)	你	為了斬盡擋路的一切。	oni						
1.劍士 → 聖劍士／劍鬼	65	MONOLOGUE(獨白)	玩家	白鷺笑了。那是進門以來她第一次笑，而且很短。	oni						
1.劍士 → 聖劍士／劍鬼	66	DIALOGUE(對話)	白鷺	好。至少你沒有騙我。	oni		白鷺				
1.劍士 → 聖劍士／劍鬼	67	DIALOGUE(對話)	白鷺	斬盡一切的劍走得快。快到某一天你會發現，擋路的東西裡面也包括你自己。	oni		白鷺				
1.劍士 → 聖劍士／劍鬼	68	DIALOGUE(對話)	你	那你會怎麼做？	oni						
1.劍士 → 聖劍士／劍鬼	69	DIALOGUE(對話)	白鷺	我沒走到那一步。所以我不知道。	oni		白鷺				
1.劍士 → 聖劍士／劍鬼	70	MONOLOGUE(獨白)	玩家	她站起身，把膝上的劍連鞘丟到你腳邊。	oni						
1.劍士 → 聖劍士／劍鬼	71	DIALOGUE(對話)	白鷺	你來走。走到了再回來告訴我。	oni		白鷺				
1.劍士 → 聖劍士／劍鬼	72	MONOLOGUE(獨白)	玩家	她握住腰間另一把——那把你進門時沒注意到的。	oni						
1.劍士 → 聖劍士／劍鬼	73	DIALOGUE(對話)	白鷺	站起來。讓我看看你現在的樣子。	oni		白鷺				
1.劍士 → 聖劍士／劍鬼	74	BATTLE(戰鬥)	白鷺	⚔️ 戰鬥：白鷺　她沒有拔劍。她只是走過來——然後你發現自己已經在擋了。	oni						必勝(mustWin)
1.劍士 → 聖劍士／劍鬼	75	MONOLOGUE(獨白)	玩家	她退了半步，把劍放下。	oni						
1.劍士 → 聖劍士／劍鬼	76	DIALOGUE(對話)	白鷺	……可以了。	oni		白鷺				
1.劍士 → 聖劍士／劍鬼	77	DIALOGUE(對話)	你	我贏了？	oni						
1.劍士 → 聖劍士／劍鬼	78	DIALOGUE(對話)	白鷺	你沒有停手。這在你選的那條路上比較重要。	oni		白鷺				
1.劍士 → 聖劍士／劍鬼	79	MONOLOGUE(獨白)	玩家	胸前的徽章突然燙起來，燙到你必須把它摘下來。	oni						
1.劍士 → 聖劍士／劍鬼	80	MONOLOGUE(獨白)	玩家	它在你掌心裡開始改變形狀。不是碎裂，也不是重鑄——比較像是它終於想起了自己原本該是什麼樣子。	oni						
1.劍士 → 聖劍士／劍鬼	81	DIALOGUE(對話)	你	這是——	oni						
1.劍士 → 聖劍士／劍鬼	82	DIALOGUE(對話)	白鷺	它自己變的。跟我沒有關係。	oni		白鷺				
1.劍士 → 聖劍士／劍鬼	83	TRANSFER(轉職)		✨ 徽章進化：掌心裡的東西安靜下來。它變重了，而且比剛才冷。	oni						換發：job_swordoni_t2_v1　消耗一轉徽章＋變更登記費
1.劍士 → 聖劍士／劍鬼	84	DIALOGUE(對話)	白鷺	拿好。它現在還不認得你。	oni		白鷺				
1.劍士 → 聖劍士／劍鬼	85	MONOLOGUE(獨白)	玩家	空地上只剩下那一圈一圈的痕跡。門不見了，牆就是牆。							
1.劍士 → 聖劍士／劍鬼	86	MONOLOGUE(獨白)	玩家	『職業變更已登錄。變更登記費已自動結算。』							
2.戰士 → 狂戰士	1	MONOLOGUE(獨白)	玩家	徽章開始在你打完架之後發燙。一開始只有幾秒，後來變成一整晚。							
2.戰士 → 狂戰士	2	MONOLOGUE(獨白)	玩家	那天你收工回鎮上，聽見城牆邊有規律的敲打聲。							
2.戰士 → 狂戰士	3	MONOLOGUE(獨白)	玩家	那面牆你天天經過。你很確定牆邊沒有鐵匠鋪。							
2.戰士 → 狂戰士	4	MONOLOGUE(獨白)	玩家	但今天有。而且爐火看起來已經燒了很多年。							
2.戰士 → 狂戰士	5	MONOLOGUE(獨白)	玩家	一個左臂是義肢的男人背對著你，正在敲一塊燒紅的鐵。							
2.戰士 → 狂戰士	6	DIALOGUE(對話)	鐵砧	進來啊。站在外面幹嘛。			鐵砧				
2.戰士 → 狂戰士	7	DIALOGUE(對話)	你	……這裡以前沒有鋪子。							
2.戰士 → 狂戰士	8	DIALOGUE(對話)	鐵砧	有啊。你沒看見而已。			鐵砧				
2.戰士 → 狂戰士	9	MONOLOGUE(獨白)	玩家	他把鐵放回爐裡，轉過身，順手在你肩上拍了一下。							
2.戰士 → 狂戰士	10	MONOLOGUE(獨白)	玩家	很痛。							
2.戰士 → 狂戰士	11	DIALOGUE(對話)	你	……							
2.戰士 → 狂戰士	12	DIALOGUE(對話)	鐵砧	會痛就對了。不痛你記不住。			鐵砧				
2.戰士 → 狂戰士	13	DIALOGUE(對話)	你	你是誰？							
2.戰士 → 狂戰士	14	DIALOGUE(對話)	鐵砧	鐵砧。			鐵砧				
2.戰士 → 狂戰士	15	DIALOGUE(對話)	你	那是名字還是——							
2.戰士 → 狂戰士	16	DIALOGUE(對話)	鐵砧	是我在做的事。名字不重要。			鐵砧				
2.戰士 → 狂戰士	17	MONOLOGUE(獨白)	玩家	他抬起義肢，在爐邊敲了敲。金屬碰金屬的聲音。							
2.戰士 → 狂戰士	18	DIALOGUE(對話)	你	那隻手怎麼了？							
2.戰士 → 狂戰士	19	DIALOGUE(對話)	鐵砧	換掉了。			鐵砧				
2.戰士 → 狂戰士	20	DIALOGUE(對話)	你	為什麼不換一隻看起來像真的？							
2.戰士 → 狂戰士	21	MONOLOGUE(獨白)	玩家	他停了兩秒。							
2.戰士 → 狂戰士	22	DIALOGUE(對話)	鐵砧	因為我想每次抬手都記得。			鐵砧				
2.戰士 → 狂戰士	23	DIALOGUE(對話)	你	記得什麼？							
2.戰士 → 狂戰士	24	DIALOGUE(對話)	鐵砧	忘了。			鐵砧				
2.戰士 → 狂戰士	25	MONOLOGUE(獨白)	玩家	他說這句的時候在笑，但笑得不像在開玩笑。							
2.戰士 → 狂戰士	26	DIALOGUE(對話)	鐵砧	你揮斧的樣子我看過。			鐵砧				
2.戰士 → 狂戰士	27	DIALOGUE(對話)	你	你看過？							
2.戰士 → 狂戰士	28	DIALOGUE(對話)	鐵砧	這裡看得到很多東西。			鐵砧				
2.戰士 → 狂戰士	29	DIALOGUE(對話)	鐵砧	你很會打。但你只在贏的時候會打。			鐵砧				
2.戰士 → 狂戰士	30	DIALOGUE(對話)	你	……什麼意思。							
2.戰士 → 狂戰士	31	DIALOGUE(對話)	鐵砧	意思是你還沒有真的被逼到過。			鐵砧				
2.戰士 → 狂戰士	32	DIALOGUE(對話)	鐵砧	沒被逼到過的人，力氣是有上限的。			鐵砧				
2.戰士 → 狂戰士	33	BATTLE(戰鬥)	鐵砧	⚔️ 戰鬥：鐵砧　他把義肢往砧上一按，整間鋪子安靜下來。「來，逼我一次看看。」							必勝(mustWin)
2.戰士 → 狂戰士	34	MONOLOGUE(獨白)	玩家	他退開半步，把手上的鐵鎚扔回爐邊。							
2.戰士 → 狂戰士	35	DIALOGUE(對話)	鐵砧	……哦。			鐵砧				
2.戰士 → 狂戰士	36	DIALOGUE(對話)	鐵砧	你剛剛那下，不是打給我看的。			鐵砧				
2.戰士 → 狂戰士	37	DIALOGUE(對話)	你	什麼？							
2.戰士 → 狂戰士	38	DIALOGUE(對話)	鐵砧	你自己也沒發現。那才對。			鐵砧				
2.戰士 → 狂戰士	39	MONOLOGUE(獨白)	玩家	胸前的徽章燙得你不得不摘下來。							
2.戰士 → 狂戰士	40	MONOLOGUE(獨白)	玩家	它在你掌心裡改變形狀——邊緣變得更粗糙，像被誰用力握過太多次。							
2.戰士 → 狂戰士	41	TRANSFER(轉職)		✨ 徽章進化：它安靜下來的時候，還是熱的。							換發：job_berserker_t2_v1　消耗一轉徽章＋變更登記費
2.戰士 → 狂戰士	42	DIALOGUE(對話)	鐵砧	拿好。這東西比你想的難帶。			鐵砧				
2.戰士 → 狂戰士	43	MONOLOGUE(獨白)	玩家	城牆邊只剩下一片焦黑的地面。爐火沒有留下任何餘溫。							
2.戰士 → 狂戰士	44	MONOLOGUE(獨白)	玩家	『職業變更已登錄。變更登記費已自動結算。』							
3.矮人戰士 → 矮人戰士長	1	MONOLOGUE(獨白)	玩家	那天你進礦坑補給，發現走廊底多了一道以前沒有的側門。							
3.矮人戰士 → 矮人戰士長	2	MONOLOGUE(獨白)	玩家	門沒有鎖。裡面是一間工具間，所有東西都掛在該掛的位置上，整齊得有點嚇人。							
3.矮人戰士 → 矮人戰士長	3	MONOLOGUE(獨白)	玩家	一個矮個子背對著你，正在把一排鎚子按長度重新排一次。							
3.矮人戰士 → 矮人戰士長	4	DIALOGUE(對話)	石鬍子	門帶上。			石鬍子				
3.矮人戰士 → 矮人戰士長	5	DIALOGUE(對話)	你	抱歉——							
3.矮人戰士 → 矮人戰士長	6	DIALOGUE(對話)	石鬍子	不是要你走。是要你把門帶上。			石鬍子				
3.矮人戰士 → 矮人戰士長	7	MONOLOGUE(獨白)	玩家	你把門帶上。他繼續排他的鎚子。							
3.矮人戰士 → 矮人戰士長	8	DIALOGUE(對話)	你	你是誰？							
3.矮人戰士 → 矮人戰士長	9	DIALOGUE(對話)	石鬍子	管這裡的。			石鬍子				
3.矮人戰士 → 矮人戰士長	10	DIALOGUE(對話)	你	這裡以前沒有這間房間。							
3.矮人戰士 → 矮人戰士長	11	DIALOGUE(對話)	石鬍子	有。你們每次都從門口走過去。			石鬍子				
3.矮人戰士 → 矮人戰士長	12	MONOLOGUE(獨白)	玩家	他終於轉過身。鬍子編成三股，末端各綁著一小圈鐵絲。							
3.矮人戰士 → 矮人戰士長	13	DIALOGUE(對話)	石鬍子	你的鎚子借我看一下。			石鬍子				
3.矮人戰士 → 矮人戰士長	14	MONOLOGUE(獨白)	玩家	你遞過去。他掂了掂，皺眉。							
3.矮人戰士 → 矮人戰士長	15	DIALOGUE(對話)	石鬍子	柄鬆了。你自己沒感覺？			石鬍子				
3.矮人戰士 → 矮人戰士長	16	DIALOGUE(對話)	你	……有一點。							
3.矮人戰士 → 矮人戰士長	17	DIALOGUE(對話)	石鬍子	有一點就是有。			石鬍子				
3.矮人戰士 → 矮人戰士長	18	DIALOGUE(對話)	石鬍子	東西會壞不是問題。你知道它在壞、還照樣揮，那才是問題。			石鬍子				
3.矮人戰士 → 矮人戰士長	19	MONOLOGUE(獨白)	玩家	他從牆上取下工具，三兩下把柄重新楔緊，遞回來。							
3.矮人戰士 → 矮人戰士長	20	DIALOGUE(對話)	石鬍子	現在你欠我一次。			石鬍子				
3.矮人戰士 → 矮人戰士長	21	DIALOGUE(對話)	你	為什麼要幫我修？							
3.矮人戰士 → 矮人戰士長	22	DIALOGUE(對話)	石鬍子	因為我看不下去。			石鬍子				
3.矮人戰士 → 矮人戰士長	23	DIALOGUE(對話)	你	就這樣？							
3.矮人戰士 → 矮人戰士長	24	DIALOGUE(對話)	石鬍子	不然還要什麼理由。			石鬍子				
3.矮人戰士 → 矮人戰士長	25	MONOLOGUE(獨白)	玩家	他坐回矮凳上，開始擦手。							
3.矮人戰士 → 矮人戰士長	26	DIALOGUE(對話)	石鬍子	以前有人問過我同樣的問題。			石鬍子				
3.矮人戰士 → 矮人戰士長	27	DIALOGUE(對話)	你	誰？							
3.矮人戰士 → 矮人戰士長	28	DIALOGUE(對話)	石鬍子	……忘記了。			石鬍子				
3.矮人戰士 → 矮人戰士長	29	MONOLOGUE(獨白)	玩家	他擦手的動作停了一下，然後繼續擦。							
3.矮人戰士 → 矮人戰士長	30	BATTLE(戰鬥)	石鬍子	⚔️ 戰鬥：石鬍子　他從牆上取下最後一把鎚子——那把明顯比其他的舊很多。「試試看你修好的東西。」							必勝(mustWin)
3.矮人戰士 → 矮人戰士長	31	MONOLOGUE(獨白)	玩家	他把鎚子掛回原位，位置分毫不差。							
3.矮人戰士 → 矮人戰士長	32	DIALOGUE(對話)	石鬍子	可以了。			石鬍子				
3.矮人戰士 → 矮人戰士長	33	DIALOGUE(對話)	你	這樣就可以了？							
3.矮人戰士 → 矮人戰士長	34	DIALOGUE(對話)	石鬍子	你打完會把東西放回去。這種人不多。			石鬍子				
3.矮人戰士 → 矮人戰士長	35	MONOLOGUE(獨白)	玩家	胸前的徽章開始發燙。							
3.矮人戰士 → 矮人戰士長	36	MONOLOGUE(獨白)	玩家	它在你掌心裡變形——變得更沉，握起來的重心往前移了一點點。							
3.矮人戰士 → 矮人戰士長	37	TRANSFER(轉職)		✨ 徽章進化：它安定下來的時候，重心剛好落在你握慣的位置。							換發：job_dwarflord_t2_v1　消耗一轉徽章＋變更登記費
3.矮人戰士 → 矮人戰士長	38	DIALOGUE(對話)	石鬍子	走的時候門帶上。			石鬍子				
3.矮人戰士 → 矮人戰士長	39	MONOLOGUE(獨白)	玩家	你回頭，走廊底就是牆。牆上連門框的痕跡都沒有。							
3.矮人戰士 → 矮人戰士長	40	MONOLOGUE(獨白)	玩家	『職業變更已登錄。變更登記費已自動結算。』							
4.盜賊 → 影舞者／盜靈	1	MONOLOGUE(獨白)	玩家	你開始覺得有人在跟著你。							
4.盜賊 → 影舞者／盜靈	2	MONOLOGUE(獨白)	玩家	不是感覺——是證據。你留在客棧的行李被翻過，但什麼都沒少，連順序都放回去了。							
4.盜賊 → 影舞者／盜靈	3	MONOLOGUE(獨白)	玩家	第三天，你在巷子裡故意繞了一圈想甩掉對方。							
4.盜賊 → 影舞者／盜靈	4	MONOLOGUE(獨白)	玩家	繞完之後，你回到原點，發現自己的徽章不在胸前。							
4.盜賊 → 影舞者／盜靈	5	MONOLOGUE(獨白)	玩家	它在巷子另一頭的牆上，被一根短刃釘著。							
4.盜賊 → 影舞者／盜靈	6	DIALOGUE(對話)	影七	你剛剛回頭三次。			影七				
4.盜賊 → 影舞者／盜靈	7	MONOLOGUE(獨白)	玩家	聲音從你背後傳來。你沒有聽到任何腳步聲。							
4.盜賊 → 影舞者／盜靈	8	DIALOGUE(對話)	你	——！							
4.盜賊 → 影舞者／盜靈	9	DIALOGUE(對話)	影七	太多了。			影七				
4.盜賊 → 影舞者／盜靈	10	DIALOGUE(對話)	影七	回頭一次是確認。第二次是不安。第三次的時候，你已經在告訴別人你怕什麼了。			影七				
4.盜賊 → 影舞者／盜靈	11	DIALOGUE(對話)	你	你是誰。							
4.盜賊 → 影舞者／盜靈	12	DIALOGUE(對話)	影七	影七。			影七				
4.盜賊 → 影舞者／盜靈	13	DIALOGUE(對話)	你	把徽章還我。							
4.盜賊 → 影舞者／盜靈	14	DIALOGUE(對話)	影七	我沒有拿走它。我只是把它放在你看得到的地方。			影七				
4.盜賊 → 影舞者／盜靈	15	MONOLOGUE(獨白)	玩家	他從牆上把短刃抽下來，徽章掉進你手裡。還是溫的。							
4.盜賊 → 影舞者／盜靈	16	DIALOGUE(對話)	你	你跟了我多久？							
4.盜賊 → 影舞者／盜靈	17	DIALOGUE(對話)	影七	從你開始發燙的那天。			影七				
4.盜賊 → 影舞者／盜靈	18	DIALOGUE(對話)	你	為什麼？							
4.盜賊 → 影舞者／盜靈	19	DIALOGUE(對話)	影七	因為那天它叫我來。			影七				
4.盜賊 → 影舞者／盜靈	20	DIALOGUE(對話)	你	徽章？							
4.盜賊 → 影舞者／盜靈	21	DIALOGUE(對話)	影七	……不知道。可能是。			影七				
4.盜賊 → 影舞者／盜靈	22	MONOLOGUE(獨白)	玩家	他說「不知道」的時候，第一次沒有立刻接下一句。							
4.盜賊 → 影舞者／盜靈	23	DIALOGUE(對話)	影七	你偷過東西嗎？			影七				
4.盜賊 → 影舞者／盜靈	24	DIALOGUE(對話)	你	……那要看你怎麼定義。							
4.盜賊 → 影舞者／盜靈	25	DIALOGUE(對話)	影七	好。那你算是懂了一半。			影七				
4.盜賊 → 影舞者／盜靈	26	DIALOGUE(對話)	影七	另一半是——你打算偷什麼。			影七				
4.盜賊 → 影舞者／盜靈	27	DIALOGUE(對話)	影七	有人偷東西。有人偷時間。有人偷的是別人身上他自己沒有的那個部分。			影七				
4.盜賊 → 影舞者／盜靈	28	DIALOGUE(對話)	影七	你要走哪一種，現在講。			影七				
4.盜賊 → 影舞者／盜靈	29	CHOICE(選項)		（你握著還溫著的徽章。）							選項：我要快到沒有人看得見我 → dancer ／ 選項：我要拿走他們身上我沒有的東西 → thief
4.盜賊 → 影舞者／盜靈	30	DIALOGUE(對話)	你	我要快到沒有人看得見我。	dancer						
4.盜賊 → 影舞者／盜靈	31	DIALOGUE(對話)	影七	那你要先學會不看自己。	dancer		影七				
4.盜賊 → 影舞者／盜靈	32	DIALOGUE(對話)	你	什麼意思？	dancer						
4.盜賊 → 影舞者／盜靈	33	DIALOGUE(對話)	影七	快的人不會確認自己有多快。一確認就慢了。	dancer		影七				
4.盜賊 → 影舞者／盜靈	34	MONOLOGUE(獨白)	玩家	他退進陰影裡。你看得見他站在那裡，但眼睛就是抓不住他的輪廓。	dancer						
4.盜賊 → 影舞者／盜靈	35	DIALOGUE(對話)	影七	來。抓我一次。	dancer		影七				
4.盜賊 → 影舞者／盜靈	36	BATTLE(戰鬥)	影七	⚔️ 戰鬥：影七　你朝那個位置出手——那裡已經沒有人了。	dancer						必勝(mustWin)
4.盜賊 → 影舞者／盜靈	37	MONOLOGUE(獨白)	玩家	你停下來，喘著。他從你左邊走出來，沒有一點聲音。	dancer						
4.盜賊 → 影舞者／盜靈	38	DIALOGUE(對話)	影七	三十七次。	dancer		影七				
4.盜賊 → 影舞者／盜靈	39	DIALOGUE(對話)	你	什麼？	dancer						
4.盜賊 → 影舞者／盜靈	40	DIALOGUE(對話)	影七	你這場出手三十七次，只有最後一次沒有先看我在哪。	dancer		影七				
4.盜賊 → 影舞者／盜靈	41	DIALOGUE(對話)	影七	那一次打中了。	dancer		影七				
4.盜賊 → 影舞者／盜靈	42	MONOLOGUE(獨白)	玩家	手裡的徽章燙起來，開始變形。	dancer						
4.盜賊 → 影舞者／盜靈	43	MONOLOGUE(獨白)	玩家	它變薄了，邊緣削出你不熟悉的弧度。	dancer						
4.盜賊 → 影舞者／盜靈	44	TRANSFER(轉職)		✨ 徽章進化：它靜下來的時候，輕得像沒有東西在你手上。	dancer						換發：job_shadowdancer_t2_v1　消耗一轉徽章＋變更登記費
4.盜賊 → 影舞者／盜靈	45	DIALOGUE(對話)	影七	拿好。它會比你先動，你要習慣。	dancer		影七				
4.盜賊 → 影舞者／盜靈	46	DIALOGUE(對話)	你	我要拿走他們身上我沒有的東西。	thief						
4.盜賊 → 影舞者／盜靈	47	MONOLOGUE(獨白)	玩家	影七沉默了比剛才更久。	thief						
4.盜賊 → 影舞者／盜靈	48	DIALOGUE(對話)	影七	……你知道那不是偷東西吧。	thief		影七				
4.盜賊 → 影舞者／盜靈	49	DIALOGUE(對話)	你	我知道。	thief						
4.盜賊 → 影舞者／盜靈	50	DIALOGUE(對話)	影七	那東西拿了不會還。	thief		影七				
4.盜賊 → 影舞者／盜靈	51	DIALOGUE(對話)	你	我知道。	thief						
4.盜賊 → 影舞者／盜靈	52	DIALOGUE(對話)	影七	好。	thief		影七				
4.盜賊 → 影舞者／盜靈	53	MONOLOGUE(獨白)	玩家	他把短刃收起來，第一次正面站到你面前。	thief						
4.盜賊 → 影舞者／盜靈	54	DIALOGUE(對話)	影七	那我不擋你。但我要先確認一件事。	thief		影七				
4.盜賊 → 影舞者／盜靈	55	DIALOGUE(對話)	影七	你拿得動嗎？	thief		影七				
4.盜賊 → 影舞者／盜靈	56	BATTLE(戰鬥)	影七	⚔️ 戰鬥：影七　他站在原地不動。「來拿。」	thief						必勝(mustWin)
4.盜賊 → 影舞者／盜靈	57	MONOLOGUE(獨白)	玩家	你收手。他低頭看了看自己的手臂，那裡有一道剛出現的痕跡。	thief						
4.盜賊 → 影舞者／盜靈	58	DIALOGUE(對話)	影七	……可以。	thief		影七				
4.盜賊 → 影舞者／盜靈	59	DIALOGUE(對話)	影七	你拿走了一點東西。我感覺得到。	thief		影七				
4.盜賊 → 影舞者／盜靈	60	MONOLOGUE(獨白)	玩家	手裡的徽章燙起來，開始變形。	thief						
4.盜賊 → 影舞者／盜靈	61	MONOLOGUE(獨白)	玩家	它變重了。重得不像原本的材質。	thief						
4.盜賊 → 影舞者／盜靈	62	TRANSFER(轉職)		✨ 徽章進化：它靜下來的時候，你說不出它是什麼做的。	thief						換發：job_spiritthief_t2_v1　消耗一轉徽章＋變更登記費
4.盜賊 → 影舞者／盜靈	63	DIALOGUE(對話)	影七	拿好。它以後會替你拿。	thief		影七				
4.盜賊 → 影舞者／盜靈	64	MONOLOGUE(獨白)	玩家	巷子還是那條巷子。牆上沒有刃痕，地上沒有腳印。							
4.盜賊 → 影舞者／盜靈	65	MONOLOGUE(獨白)	玩家	『職業變更已登錄。變更登記費已自動結算。』							
5.法師 → 元素師	1	MONOLOGUE(獨白)	玩家	你的法杖開始在沒有施法的時候放電。很小，只有握著的時候才感覺得到。							
5.法師 → 元素師	2	MONOLOGUE(獨白)	玩家	那天你循著那個感覺走，走到城外一片焦黑的空地。							
5.法師 → 元素師	3	MONOLOGUE(獨白)	玩家	地上有三圈燒痕，一圈套一圈，中間站著一個女人。							
5.法師 → 元素師	4	MONOLOGUE(獨白)	玩家	她正在記錄什麼，頭也沒抬。							
5.法師 → 元素師	5	DIALOGUE(對話)	灰燼夫人	站遠一點。等一下還要燒第四次。			灰燼夫人				
5.法師 → 元素師	6	DIALOGUE(對話)	你	……第四次？							
5.法師 → 元素師	7	DIALOGUE(對話)	灰燼夫人	前三次數據不夠。			灰燼夫人				
5.法師 → 元素師	8	DIALOGUE(對話)	你	你是故意燒的？							
5.法師 → 元素師	9	DIALOGUE(對話)	灰燼夫人	不然呢。			灰燼夫人				
5.法師 → 元素師	10	DIALOGUE(對話)	你	這裡以前是什麼？							
5.法師 → 元素師	11	DIALOGUE(對話)	灰燼夫人	我的實驗室。三次都是。			灰燼夫人				
5.法師 → 元素師	12	MONOLOGUE(獨白)	玩家	她終於抬頭。臉上沒有煤灰，也沒有燒傷——乾淨得不太合理。							
5.法師 → 元素師	13	DIALOGUE(對話)	灰燼夫人	你的杖在放電。			灰燼夫人				
5.法師 → 元素師	14	DIALOGUE(對話)	你	對。							
5.法師 → 元素師	15	DIALOGUE(對話)	灰燼夫人	那不是故障。那是它在算。			灰燼夫人				
5.法師 → 元素師	16	DIALOGUE(對話)	你	算什麼？							
5.法師 → 元素師	17	DIALOGUE(對話)	灰燼夫人	算你到底想不想要更多。			灰燼夫人				
5.法師 → 元素師	18	DIALOGUE(對話)	灰燼夫人	你們這些人有個共通點。			灰燼夫人				
5.法師 → 元素師	19	DIALOGUE(對話)	灰燼夫人	學會控制之後就停下來了。因為控制的感覺太舒服。			灰燼夫人				
5.法師 → 元素師	20	DIALOGUE(對話)	灰燼夫人	但元素不是拿來控制的。			灰燼夫人				
5.法師 → 元素師	21	DIALOGUE(對話)	你	那是拿來幹嘛的？							
5.法師 → 元素師	22	DIALOGUE(對話)	灰燼夫人	拿來借。			灰燼夫人				
5.法師 → 元素師	23	DIALOGUE(對話)	灰燼夫人	借了要還。還不出來就燒掉。像我這裡。			灰燼夫人				
5.法師 → 元素師	24	DIALOGUE(對話)	你	……那你為什麼還在借？							
5.法師 → 元素師	25	MONOLOGUE(獨白)	玩家	她想了一下。							
5.法師 → 元素師	26	DIALOGUE(對話)	灰燼夫人	因為有一次借到的東西，我還沒還完。			灰燼夫人				
5.法師 → 元素師	27	DIALOGUE(對話)	你	那是什麼？							
5.法師 → 元素師	28	DIALOGUE(對話)	灰燼夫人	忘記了。但它還在燒。			灰燼夫人				
5.法師 → 元素師	29	BATTLE(戰鬥)	灰燼夫人	⚔️ 戰鬥：灰燼夫人　她在地上畫下第四個圈，站進去。「來，我們看看你借得到多少。」							必勝(mustWin)
5.法師 → 元素師	30	MONOLOGUE(獨白)	玩家	火散了。地上多了第五道燒痕，形狀跟前四道都不一樣。							
5.法師 → 元素師	31	DIALOGUE(對話)	灰燼夫人	這次的數據比上次好。			灰燼夫人				
5.法師 → 元素師	32	DIALOGUE(對話)	你	這算通過嗎？							
5.法師 → 元素師	33	DIALOGUE(對話)	灰燼夫人	我沒有在考你。我在看。			灰燼夫人				
5.法師 → 元素師	34	MONOLOGUE(獨白)	玩家	法杖上的徽章開始發燙，燙到金屬部分微微變色。							
5.法師 → 元素師	35	MONOLOGUE(獨白)	玩家	它在你手裡重新排列，像是有什麼在裡面重新算了一次。							
5.法師 → 元素師	36	TRANSFER(轉職)		✨ 徽章進化：它冷下來的時候，表面浮出一層你沒見過的紋路。							換發：job_elementalist_t2_v1　消耗一轉徽章＋變更登記費
5.法師 → 元素師	37	DIALOGUE(對話)	灰燼夫人	拿去。記得——借了要還。			灰燼夫人				
5.法師 → 元素師	38	MONOLOGUE(獨白)	玩家	你回頭，空地上只有三圈燒痕。第四圈和第五圈都不在了。							
5.法師 → 元素師	39	MONOLOGUE(獨白)	玩家	『職業變更已登錄。變更登記費已自動結算。』							
6.治療師 → 聖靈師	1	MONOLOGUE(獨白)	玩家	你開始在別人受傷之前先感覺到痛。							
6.治療師 → 聖靈師	2	MONOLOGUE(獨白)	玩家	不是預知，比較像是……某種提前的共鳴。你不喜歡這個感覺。							
6.治療師 → 聖靈師	3	MONOLOGUE(獨白)	玩家	那天你沿著那股痛走，走進一間你以為是廢墟的屋子。							
6.治療師 → 聖靈師	4	MONOLOGUE(獨白)	玩家	裡面很乾淨。地上鋪著草蓆，牆邊坐著一個人，正在幫一隻斷了腿的野獸包紮。							
6.治療師 → 聖靈師	5	DIALOGUE(對話)	無傷	先坐下。			無傷				
6.治療師 → 聖靈師	6	DIALOGUE(對話)	你	我沒有受傷。							
6.治療師 → 聖靈師	7	DIALOGUE(對話)	無傷	我知道。所以說坐下，不是說躺下。			無傷				
6.治療師 → 聖靈師	8	MONOLOGUE(獨白)	玩家	他包紮的動作很慢，慢到你以為他在拖時間。							
6.治療師 → 聖靈師	9	MONOLOGUE(獨白)	玩家	但那隻獸從頭到尾沒有掙扎。							
6.治療師 → 聖靈師	10	DIALOGUE(對話)	你	牠不怕你。							
6.治療師 → 聖靈師	11	DIALOGUE(對話)	無傷	牠怕。只是牠更痛。			無傷				
6.治療師 → 聖靈師	12	DIALOGUE(對話)	你	你是誰？							
6.治療師 → 聖靈師	13	DIALOGUE(對話)	無傷	他們叫我無傷。			無傷				
6.治療師 → 聖靈師	14	DIALOGUE(對話)	你	因為你治不好自己？							
6.治療師 → 聖靈師	15	DIALOGUE(對話)	無傷	因為我身上沒有傷。			無傷				
6.治療師 → 聖靈師	16	MONOLOGUE(獨白)	玩家	他捲起袖子。手臂上什麼都沒有——連舊疤都沒有。							
6.治療師 → 聖靈師	17	DIALOGUE(對話)	無傷	接走的傷不會留在自己身上。這是我們這條路的好處。			無傷				
6.治療師 → 聖靈師	18	DIALOGUE(對話)	你	那壞處呢？							
6.治療師 → 聖靈師	19	DIALOGUE(對話)	無傷	……你會忘記痛是什麼感覺。			無傷				
6.治療師 → 聖靈師	20	DIALOGUE(對話)	無傷	忘記了以後，就會接不該接的。			無傷				
6.治療師 → 聖靈師	21	DIALOGUE(對話)	你	你接過不該接的嗎？							
6.治療師 → 聖靈師	22	MONOLOGUE(獨白)	玩家	他把最後一圈繃帶打結，動作停在那裡。							
6.治療師 → 聖靈師	23	DIALOGUE(對話)	無傷	接過一次。			無傷				
6.治療師 → 聖靈師	24	DIALOGUE(對話)	你	後來呢？							
6.治療師 → 聖靈師	25	DIALOGUE(對話)	無傷	那個人活下來了。			無傷				
6.治療師 → 聖靈師	26	DIALOGUE(對話)	你	那不是很好嗎？							
6.治療師 → 聖靈師	27	DIALOGUE(對話)	無傷	……我不記得那是誰了。			無傷				
6.治療師 → 聖靈師	28	MONOLOGUE(獨白)	玩家	他放開手，野獸站起來，一跛一跛地走出門去。							
6.治療師 → 聖靈師	29	DIALOGUE(對話)	無傷	我只記得我接了。忘記是誰的痛，那個痛就沒有地方可以還。			無傷				
6.治療師 → 聖靈師	30	BATTLE(戰鬥)	無傷	⚔️ 戰鬥：無傷　他站起身，第一次擋在門口。「你先痛一次。這樣你才知道自己在接什麼。」							必勝(mustWin)
6.治療師 → 聖靈師	31	MONOLOGUE(獨白)	玩家	他讓開門口。							
6.治療師 → 聖靈師	32	DIALOGUE(對話)	無傷	可以了。			無傷				
6.治療師 → 聖靈師	33	DIALOGUE(對話)	你	我沒有打倒你。							
6.治療師 → 聖靈師	34	DIALOGUE(對話)	無傷	你沒有停下來替自己療。那才是我要看的。			無傷				
6.治療師 → 聖靈師	35	MONOLOGUE(獨白)	玩家	胸前的徽章燙起來——但那個燙不痛。							
6.治療師 → 聖靈師	36	MONOLOGUE(獨白)	玩家	它在你掌心裡舒展開來，像是有什麼原本被摺著的東西打開了。							
6.治療師 → 聖靈師	37	TRANSFER(轉職)		✨ 徽章進化：它靜下來的時候，掌心的溫度剛好跟體溫一樣。							換發：job_spiritmaster_t2_v1　消耗一轉徽章＋變更登記費
6.治療師 → 聖靈師	38	DIALOGUE(對話)	無傷	拿好。以後會有更多人靠著你站起來。			無傷				
6.治療師 → 聖靈師	39	MONOLOGUE(獨白)	玩家	屋子還在，但裡面空了。草蓆上沒有壓過的痕跡。							
6.治療師 → 聖靈師	40	MONOLOGUE(獨白)	玩家	『職業變更已登錄。變更登記費已自動結算。』							
7.弓箭手 → 神射手	1	MONOLOGUE(獨白)	玩家	你開始射不中。							
7.弓箭手 → 神射手	2	MONOLOGUE(獨白)	玩家	不是準頭掉了——是你放箭的瞬間，會突然不確定自己在瞄什麼。							
7.弓箭手 → 神射手	3	MONOLOGUE(獨白)	玩家	那天你走到射程的極限之外，想看看自己到底能看多遠。							
7.弓箭手 → 神射手	4	MONOLOGUE(獨白)	玩家	山脊上坐著一個人，瞇著眼看著更遠的地方。他旁邊放著一把弓，沒有上弦。							
7.弓箭手 → 神射手	5	DIALOGUE(對話)	遠山	坐。風要停了。			遠山				
7.弓箭手 → 神射手	6	DIALOGUE(對話)	你	……什麼？							
7.弓箭手 → 神射手	7	DIALOGUE(對話)	遠山	再等一下。			遠山				
7.弓箭手 → 神射手	8	MONOLOGUE(獨白)	玩家	你等了很久。久到你開始懷疑他是不是睡著了。							
7.弓箭手 → 神射手	9	MONOLOGUE(獨白)	玩家	然後風真的停了。							
7.弓箭手 → 神射手	10	DIALOGUE(對話)	遠山	現在。			遠山				
7.弓箭手 → 神射手	11	MONOLOGUE(獨白)	玩家	你順著他的視線望過去——那裡什麼都沒有。只有很遠很遠的一片林線。							
7.弓箭手 → 神射手	12	DIALOGUE(對話)	你	你在看什麼？							
7.弓箭手 → 神射手	13	DIALOGUE(對話)	遠山	看它什麼時候會動。			遠山				
7.弓箭手 → 神射手	14	DIALOGUE(對話)	你	那要等多久？							
7.弓箭手 → 神射手	15	DIALOGUE(對話)	遠山	不知道。等到會動為止。			遠山				
7.弓箭手 → 神射手	16	DIALOGUE(對話)	你	我最近射不中。							
7.弓箭手 → 神射手	17	DIALOGUE(對話)	遠山	嗯。			遠山				
7.弓箭手 → 神射手	18	DIALOGUE(對話)	你	……你不問為什麼？							
7.弓箭手 → 神射手	19	DIALOGUE(對話)	遠山	你自己知道為什麼。			遠山				
7.弓箭手 → 神射手	20	MONOLOGUE(獨白)	玩家	他終於轉頭看你。眼睛還是瞇著的。							
7.弓箭手 → 神射手	21	DIALOGUE(對話)	遠山	射不中不是手的問題。是你太急著看結果。			遠山				
7.弓箭手 → 神射手	22	DIALOGUE(對話)	遠山	你放完箭就去看有沒有中，對不對。			遠山				
7.弓箭手 → 神射手	23	DIALOGUE(對話)	你	不然要看什麼？							
7.弓箭手 → 神射手	24	DIALOGUE(對話)	遠山	看它飛。			遠山				
7.弓箭手 → 神射手	25	MONOLOGUE(獨白)	玩家	他撿起弓，開始上弦。動作慢得讓人難受。							
7.弓箭手 → 神射手	26	DIALOGUE(對話)	遠山	以前有人跟我說過同樣的話。			遠山				
7.弓箭手 → 神射手	27	DIALOGUE(對話)	你	誰？							
7.弓箭手 → 神射手	28	DIALOGUE(對話)	遠山	……我等他等了很久。後來就忘記在等什麼了。			遠山				
7.弓箭手 → 神射手	29	BATTLE(戰鬥)	遠山	⚔️ 戰鬥：遠山　他把弦拉滿，卻沒有放。「你先射我。我要看你放完之後在看哪裡。」							必勝(mustWin)
7.弓箭手 → 神射手	30	MONOLOGUE(獨白)	玩家	他鬆開弦，箭插進你腳邊三步的地方。							
7.弓箭手 → 神射手	31	DIALOGUE(對話)	遠山	可以了。			遠山				
7.弓箭手 → 神射手	32	DIALOGUE(對話)	你	我沒有中。							
7.弓箭手 → 神射手	33	DIALOGUE(對話)	遠山	最後三箭你沒有再抬頭確認。那三箭是你今天最好的。			遠山				
7.弓箭手 → 神射手	34	MONOLOGUE(獨白)	玩家	徽章燙起來。你摘下來的時候，它已經在變。							
7.弓箭手 → 神射手	35	MONOLOGUE(獨白)	玩家	它變得更薄、更長，像是要指向什麼。							
7.弓箭手 → 神射手	36	TRANSFER(轉職)		✨ 徽章進化：它靜下來的時候，尖端指著你剛才看的那個方向。							換發：job_sniper_t2_v1　消耗一轉徽章＋變更登記費
7.弓箭手 → 神射手	37	DIALOGUE(對話)	遠山	拿好。以後你會看得更遠——但別忘記看它飛。			遠山				
7.弓箭手 → 神射手	38	MONOLOGUE(獨白)	玩家	山脊上只剩下一枝插在地上的箭。你走過去的時候，它也不在了。							
7.弓箭手 → 神射手	39	MONOLOGUE(獨白)	玩家	『職業變更已登錄。變更登記費已自動結算。』							
8.軍師 → 兵聖	1	MONOLOGUE(獨白)	玩家	你的徽章不燙。它只是變重了。							
8.軍師 → 兵聖	2	MONOLOGUE(獨白)	玩家	重到你走路的時候會下意識偏一邊——像是它在拉你往某個方向去。							
8.軍師 → 兵聖	3	MONOLOGUE(獨白)	玩家	你跟著那個方向走，走進一間茶館的後院。							
8.軍師 → 兵聖	4	MONOLOGUE(獨白)	玩家	院子裡有一副棋，下到一半。棋盤旁邊坐著一個人，手上捏著一顆棋子，很久沒有落下。							
8.軍師 → 兵聖	5	DIALOGUE(對話)	枯棋	你來看棋還是看人。			枯棋				
8.軍師 → 兵聖	6	DIALOGUE(對話)	你	……我不知道。是它帶我來的。							
8.軍師 → 兵聖	7	DIALOGUE(對話)	枯棋	那就是看人。			枯棋				
8.軍師 → 兵聖	8	DIALOGUE(對話)	你	這局是你在跟誰下？							
8.軍師 → 兵聖	9	DIALOGUE(對話)	枯棋	跟我自己。			枯棋				
8.軍師 → 兵聖	10	DIALOGUE(對話)	你	那不是隨便怎麼下都可以？							
8.軍師 → 兵聖	11	DIALOGUE(對話)	枯棋	對啊。所以很難。			枯棋				
8.軍師 → 兵聖	12	MONOLOGUE(獨白)	玩家	他把棋子放回棋盒，整局就這樣停在那裡。							
8.軍師 → 兵聖	13	DIALOGUE(對話)	枯棋	你用什麼武器？			枯棋				
8.軍師 → 兵聖	14	DIALOGUE(對話)	你	我什麼都能用。							
8.軍師 → 兵聖	15	DIALOGUE(對話)	枯棋	我知道。我問你用什麼。			枯棋				
8.軍師 → 兵聖	16	DIALOGUE(對話)	你	……看情況。							
8.軍師 → 兵聖	17	DIALOGUE(對話)	枯棋	那就是還沒選。			枯棋				
8.軍師 → 兵聖	18	DIALOGUE(對話)	你	不選不行嗎？							
8.軍師 → 兵聖	19	DIALOGUE(對話)	枯棋	可以。但你要知道自己是「還沒選」，不是「都可以」。			枯棋				
8.軍師 → 兵聖	20	DIALOGUE(對話)	枯棋	這兩個差很多。			枯棋				
8.軍師 → 兵聖	21	DIALOGUE(對話)	你	你為什麼在這裡？							
8.軍師 → 兵聖	22	DIALOGUE(對話)	枯棋	等一局下完。			枯棋				
8.軍師 → 兵聖	23	DIALOGUE(對話)	你	跟你自己那局？							
8.軍師 → 兵聖	24	DIALOGUE(對話)	枯棋	不是。是別人的。			枯棋				
8.軍師 → 兵聖	25	DIALOGUE(對話)	你	誰的？							
8.軍師 → 兵聖	26	MONOLOGUE(獨白)	玩家	他看著棋盤，很久。							
8.軍師 → 兵聖	27	DIALOGUE(對話)	枯棋	……我忘記是誰在下了。但棋還在動。			枯棋				
8.軍師 → 兵聖	28	DIALOGUE(對話)	你	怎麼可能。							
8.軍師 → 兵聖	29	DIALOGUE(對話)	枯棋	你看不到不代表沒有在動。			枯棋				
8.軍師 → 兵聖	30	BATTLE(戰鬥)	枯棋	⚔️ 戰鬥：枯棋　他把棋盤推到一邊，站起來。「你問我用什麼武器好——我問你，你要解決什麼問題。」							必勝(mustWin)
8.軍師 → 兵聖	31	MONOLOGUE(獨白)	玩家	他坐回原位，把棋子一顆一顆撿回盒裡。							
8.軍師 → 兵聖	32	DIALOGUE(對話)	枯棋	可以了。			枯棋				
8.軍師 → 兵聖	33	DIALOGUE(對話)	你	你根本沒有認真打。							
8.軍師 → 兵聖	34	DIALOGUE(對話)	枯棋	我在看你怎麼決定的。那個比你打得多用力重要。			枯棋				
8.軍師 → 兵聖	35	MONOLOGUE(獨白)	玩家	徽章在你手上變輕了——輕到不太真實。							
8.軍師 → 兵聖	36	MONOLOGUE(獨白)	玩家	它變形的方式跟你想的不一樣：不是變銳利，是變得更平。							
8.軍師 → 兵聖	37	TRANSFER(轉職)		✨ 徽章進化：它靜下來的時候，重量剛好消失。你得低頭確認它還在。							換發：job_sage_t2_v1　消耗一轉徽章＋變更登記費
8.軍師 → 兵聖	38	DIALOGUE(對話)	枯棋	拿去。以後你不用自己動手的次數會變多。			枯棋				
8.軍師 → 兵聖	39	MONOLOGUE(獨白)	玩家	後院空了。棋盤還在，但上面一顆子都沒有。							
8.軍師 → 兵聖	40	MONOLOGUE(獨白)	玩家	『職業變更已登錄。變更登記費已自動結算。』							
9.詩人 → 吟遊詩人	1	MONOLOGUE(獨白)	玩家	你開始在戰鬥的節奏裡聽見別的東西。							
9.詩人 → 吟遊詩人	2	MONOLOGUE(獨白)	玩家	不是幻聽——是那些腳步、揮擊、呼吸，湊在一起變成了某種你認得的拍子。							
9.詩人 → 吟遊詩人	3	MONOLOGUE(獨白)	玩家	你循著拍子走進一條巷子，聲音是從一間沒有招牌的酒館傳出來的。							
9.詩人 → 吟遊詩人	4	MONOLOGUE(獨白)	玩家	裡面沒有客人。一個人坐在角落彈琴，那把琴只剩三根弦。							
9.詩人 → 吟遊詩人	5	DIALOGUE(對話)	斷弦	進來的時候踩到第二拍了。			斷弦				
9.詩人 → 吟遊詩人	6	DIALOGUE(對話)	你	……啊？							
9.詩人 → 吟遊詩人	7	DIALOGUE(對話)	斷弦	沒關係。大部分人踩不到。			斷弦				
9.詩人 → 吟遊詩人	8	DIALOGUE(對話)	你	你的琴——							
9.詩人 → 吟遊詩人	9	DIALOGUE(對話)	斷弦	三根。夠了。			斷弦				
9.詩人 → 吟遊詩人	10	DIALOGUE(對話)	你	本來有幾根？							
9.詩人 → 吟遊詩人	11	DIALOGUE(對話)	斷弦	不重要。			斷弦				
9.詩人 → 吟遊詩人	12	MONOLOGUE(獨白)	玩家	他繼續彈。那個旋律很簡單，但你發現自己的呼吸開始跟著它走。							
9.詩人 → 吟遊詩人	13	DIALOGUE(對話)	你	你在做什麼？							
9.詩人 → 吟遊詩人	14	DIALOGUE(對話)	斷弦	在等你調過來。			斷弦				
9.詩人 → 吟遊詩人	15	DIALOGUE(對話)	你	調什麼？							
9.詩人 → 吟遊詩人	16	DIALOGUE(對話)	斷弦	你走進來的時候快了半拍。現在正好。			斷弦				
9.詩人 → 吟遊詩人	17	DIALOGUE(對話)	斷弦	你唱歌的時候，是為了讓自己好聽，還是讓旁邊的人好走？			斷弦				
9.詩人 → 吟遊詩人	18	DIALOGUE(對話)	你	……有差嗎？							
9.詩人 → 吟遊詩人	19	DIALOGUE(對話)	斷弦	差很多。			斷弦				
9.詩人 → 吟遊詩人	20	DIALOGUE(對話)	斷弦	前面那種，你會一直想被聽見。後面那種，你會希望沒有人注意到你。			斷弦				
9.詩人 → 吟遊詩人	21	DIALOGUE(對話)	斷弦	能撐住整隊的那種人，通常沒有人記得他的名字。			斷弦				
9.詩人 → 吟遊詩人	22	DIALOGUE(對話)	你	那你被記得嗎？							
9.詩人 → 吟遊詩人	23	MONOLOGUE(獨白)	玩家	他停下手。三根弦的餘音拖得很長。							
9.詩人 → 吟遊詩人	24	DIALOGUE(對話)	斷弦	以前有人記得。			斷弦				
9.詩人 → 吟遊詩人	25	DIALOGUE(對話)	你	現在呢？							
9.詩人 → 吟遊詩人	26	DIALOGUE(對話)	斷弦	……我忘記他長什麼樣子了。但那首歌我還記得。			斷弦				
9.詩人 → 吟遊詩人	27	BATTLE(戰鬥)	斷弦	⚔️ 戰鬥：斷弦　他撥了一個和弦，整間酒館的空氣沉下去半拍。「跟上來。跟不上就不用唱了。」							必勝(mustWin)
9.詩人 → 吟遊詩人	28	MONOLOGUE(獨白)	玩家	最後一個音收乾淨了。他把手放在弦上止音。							
9.詩人 → 吟遊詩人	29	DIALOGUE(對話)	斷弦	可以了。			斷弦				
9.詩人 → 吟遊詩人	30	DIALOGUE(對話)	你	我有跟上嗎？							
9.詩人 → 吟遊詩人	31	DIALOGUE(對話)	斷弦	你有兩次跟丟。但你沒有停下來重來——你直接接到下一小節。			斷弦				
9.詩人 → 吟遊詩人	32	DIALOGUE(對話)	斷弦	那才是要緊的。			斷弦				
9.詩人 → 吟遊詩人	33	MONOLOGUE(獨白)	玩家	徽章開始震動，頻率跟剛才那首曲子一樣。							
9.詩人 → 吟遊詩人	34	MONOLOGUE(獨白)	玩家	它在你手裡拉長，變成一個更適合握著、也更適合放下的形狀。							
9.詩人 → 吟遊詩人	35	TRANSFER(轉職)		✨ 徽章進化：它停下來的時候，你發現自己在跟著它的餘震呼吸。							換發：job_minstrel_t2_v1　消耗一轉徽章＋變更登記費
9.詩人 → 吟遊詩人	36	DIALOGUE(對話)	斷弦	拿好。以後你的拍子會變成別人的。			斷弦				
9.詩人 → 吟遊詩人	37	MONOLOGUE(獨白)	玩家	酒館的門開著，裡面沒有人，也沒有琴。							
9.詩人 → 吟遊詩人	38	MONOLOGUE(獨白)	玩家	『職業變更已登錄。變更登記費已自動結算。』							
10.結界師 → 聖域師	1	MONOLOGUE(獨白)	玩家	你的結界開始撐得比以前久。久到你自己都覺得不對勁。							
10.結界師 → 聖域師	2	MONOLOGUE(獨白)	玩家	那天你在野外收到求救訊號，趕過去的時候，戰鬥已經結束了。							
10.結界師 → 聖域師	3	MONOLOGUE(獨白)	玩家	地上躺著六個人，全部都還活著。							
10.結界師 → 聖域師	4	MONOLOGUE(獨白)	玩家	他們中間站著一個人，張開的護盾剛好把六個人圍在裡面，一個都沒有漏掉。							
10.結界師 → 聖域師	5	DIALOGUE(對話)	壁	不用過來。他們沒事。			壁				
10.結界師 → 聖域師	6	DIALOGUE(對話)	你	……你一個人擋下來的？							
10.結界師 → 聖域師	7	DIALOGUE(對話)	壁	我沒有擋下來。我只是站在這裡。			壁				
10.結界師 → 聖域師	8	MONOLOGUE(獨白)	玩家	護盾散掉的時候，你才發現那個人身形其實很小。							
10.結界師 → 聖域師	9	DIALOGUE(對話)	你	你怎麼做到的？							
10.結界師 → 聖域師	10	DIALOGUE(對話)	壁	站著就好。			壁				
10.結界師 → 聖域師	11	DIALOGUE(對話)	你	不可能只是站著。							
10.結界師 → 聖域師	12	DIALOGUE(對話)	壁	真的只是站著。			壁				
10.結界師 → 聖域師	13	DIALOGUE(對話)	壁	擋不擋得住不是我決定的。我只決定站在哪裡。			壁				
10.結界師 → 聖域師	14	MONOLOGUE(獨白)	玩家	她把最後一個傷者扶起來，交給同伴，然後坐到地上。							
10.結界師 → 聖域師	15	DIALOGUE(對話)	壁	坐一下。剛剛比較久。			壁				
10.結界師 → 聖域師	16	DIALOGUE(對話)	你	你打倒過幾個人？							
10.結界師 → 聖域師	17	DIALOGUE(對話)	壁	零。			壁				
10.結界師 → 聖域師	18	DIALOGUE(對話)	你	……零？							
10.結界師 → 聖域師	19	DIALOGUE(對話)	壁	這輩子沒有打倒過任何人。			壁				
10.結界師 → 聖域師	20	DIALOGUE(對話)	你	那你怎麼保護他們？							
10.結界師 → 聖域師	21	DIALOGUE(對話)	壁	我不需要贏。他們站著就好。			壁				
10.結界師 → 聖域師	22	MONOLOGUE(獨白)	玩家	她抬頭看你。							
10.結界師 → 聖域師	23	DIALOGUE(對話)	壁	你也一樣。你的手在抖，但你剛剛第一件事是看他們有沒有事，不是看敵人跑到哪去。			壁				
10.結界師 → 聖域師	24	DIALOGUE(對話)	壁	那個順序不會騙人。			壁				
10.結界師 → 聖域師	25	DIALOGUE(對話)	你	你為什麼在這裡？							
10.結界師 → 聖域師	26	DIALOGUE(對話)	壁	等一個人回來。			壁				
10.結界師 → 聖域師	27	DIALOGUE(對話)	你	他去哪了？							
10.結界師 → 聖域師	28	DIALOGUE(對話)	壁	不知道。我只知道我要站在他回來會經過的地方。			壁				
10.結界師 → 聖域師	29	DIALOGUE(對話)	你	那是哪裡？							
10.結界師 → 聖域師	30	DIALOGUE(對話)	壁	……我已經忘記了。所以我到處站。			壁				
10.結界師 → 聖域師	31	BATTLE(戰鬥)	壁	⚔️ 戰鬥：壁　她站起來，張開護盾，把你圈在外面。「你打進來。打不進來就不用談了。」							必勝(mustWin)
10.結界師 → 聖域師	32	MONOLOGUE(獨白)	玩家	護盾碎了一角。她放下手。							
10.結界師 → 聖域師	33	DIALOGUE(對話)	壁	可以了。			壁				
10.結界師 → 聖域師	34	DIALOGUE(對話)	你	我打破了。							
10.結界師 → 聖域師	35	DIALOGUE(對話)	壁	對。但你破的是我讓你破的那一角。			壁				
10.結界師 → 聖域師	36	DIALOGUE(對話)	壁	你有看出來哪裡最薄——那才是我要看的。			壁				
10.結界師 → 聖域師	37	MONOLOGUE(獨白)	玩家	徽章在你掌心變得很涼。							
10.結界師 → 聖域師	38	MONOLOGUE(獨白)	玩家	它攤開來，變成一個更大、更薄的形狀。像是準備要蓋住什麼。							
10.結界師 → 聖域師	39	TRANSFER(轉職)		✨ 徽章進化：它靜下來的時候，涼得像剛從水裡拿出來。							換發：job_sanctum_t2_v1　消耗一轉徽章＋變更登記費
10.結界師 → 聖域師	40	DIALOGUE(對話)	壁	拿好。以後你能圈住的人會變多。			壁				
10.結界師 → 聖域師	41	MONOLOGUE(獨白)	玩家	野地上沒有戰鬥的痕跡，也沒有六個人躺過的凹陷。							
10.結界師 → 聖域師	42	MONOLOGUE(獨白)	玩家	『職業變更已登錄。變更登記費已自動結算。』							
11.賭徒 → 賭神	1	MONOLOGUE(獨白)	玩家	你的骰子開始不聽話。							
11.賭徒 → 賭神	2	MONOLOGUE(獨白)	玩家	不是骰不好——是你想要什麼點數，它就給你什麼點數。連續七次。							
11.賭徒 → 賭神	3	MONOLOGUE(獨白)	玩家	第八次的時候，你不敢丟了。							
11.賭徒 → 賭神	4	MONOLOGUE(獨白)	玩家	那天晚上你在賭場後巷抽菸，有人在你旁邊坐下，手上翻著一枚硬幣。							
11.賭徒 → 賭神	5	DIALOGUE(對話)	老千	七次很多了。			老千				
11.賭徒 → 賭神	6	DIALOGUE(對話)	你	……你怎麼知道？							
11.賭徒 → 賭神	7	DIALOGUE(對話)	老千	因為第八次你沒丟。			老千				
11.賭徒 → 賭神	8	DIALOGUE(對話)	你	你是誰？							
11.賭徒 → 賭神	9	DIALOGUE(對話)	老千	他們叫我老千。			老千				
11.賭徒 → 賭神	10	DIALOGUE(對話)	你	所以你作弊。							
11.賭徒 → 賭神	11	DIALOGUE(對話)	老千	從來沒有。			老千				
11.賭徒 → 賭神	12	DIALOGUE(對話)	你	那為什麼叫老千？							
11.賭徒 → 賭神	13	DIALOGUE(對話)	老千	因為他們輸不起。			老千				
11.賭徒 → 賭神	14	MONOLOGUE(獨白)	玩家	他把硬幣立在磚縫上，鬆手。硬幣站著沒有倒。							
11.賭徒 → 賭神	15	DIALOGUE(對話)	你	那不就是作弊。							
11.賭徒 → 賭神	16	DIALOGUE(對話)	老千	這是我讓你看見的。作弊是不讓你看見。			老千				
11.賭徒 → 賭神	17	DIALOGUE(對話)	老千	你要的是贏，還是要贏很多次？			老千				
11.賭徒 → 賭神	18	DIALOGUE(對話)	你	……有差嗎？							
11.賭徒 → 賭神	19	DIALOGUE(對話)	老千	差在你什麼時候收手。			老千				
11.賭徒 → 賭神	20	DIALOGUE(對話)	老千	想贏的人會一直丟。想贏很多次的人，會在某一把明明有利的時候站起來走人。			老千				
11.賭徒 → 賭神	21	DIALOGUE(對話)	你	那不是很虧？							
11.賭徒 → 賭神	22	DIALOGUE(對話)	老千	對。那一把是虧的。			老千				
11.賭徒 → 賭神	23	DIALOGUE(對話)	老千	但你會活到下一場。			老千				
11.賭徒 → 賭神	24	DIALOGUE(對話)	你	那你為什麼還坐在這裡？							
11.賭徒 → 賭神	25	DIALOGUE(對話)	老千	等一個對手。			老千				
11.賭徒 → 賭神	26	DIALOGUE(對話)	你	他還沒來？							
11.賭徒 → 賭神	27	DIALOGUE(對話)	老千	來過了。我贏了。			老千				
11.賭徒 → 賭神	28	DIALOGUE(對話)	你	那你在等什麼？							
11.賭徒 → 賭神	29	MONOLOGUE(獨白)	玩家	他把立著的硬幣收回手裡。							
11.賭徒 → 賭神	30	DIALOGUE(對話)	老千	……我忘記那一把我是不是該收手了。			老千				
11.賭徒 → 賭神	31	BATTLE(戰鬥)	老千	⚔️ 戰鬥：老千　他把一顆骰子推到你面前。「你自己選要用哪顆。剩下的我用。」							必勝(mustWin)
11.賭徒 → 賭神	32	MONOLOGUE(獨白)	玩家	他把骰子收進口袋，沒有讓你看最後的點數。							
11.賭徒 → 賭神	33	DIALOGUE(對話)	老千	可以了。			老千				
11.賭徒 → 賭神	34	DIALOGUE(對話)	你	我贏了嗎？							
11.賭徒 → 賭神	35	DIALOGUE(對話)	老千	你在第三輪明明可以再賭一次，你沒有。			老千				
11.賭徒 → 賭神	36	DIALOGUE(對話)	老千	那時候你就贏了，剩下的只是在數錢。			老千				
11.賭徒 → 賭神	37	MONOLOGUE(獨白)	玩家	徽章在你掌心裡轉了半圈——你確定你沒有動它。							
11.賭徒 → 賭神	38	MONOLOGUE(獨白)	玩家	它變形的過程你看得很清楚，但每次眨眼它都停在不同的階段。							
11.賭徒 → 賭神	39	TRANSFER(轉職)		✨ 徽章進化：它靜下來的時候，你不確定它到底是幾面的。							換發：job_dicegod_t2_v1　消耗一轉徽章＋變更登記費
11.賭徒 → 賭神	40	DIALOGUE(對話)	老千	拿好。以後你會很想一直丟。記得什麼時候該站起來。			老千				
11.賭徒 → 賭神	41	MONOLOGUE(獨白)	玩家	後巷裡只剩下菸味。磚縫上沒有硬幣。							
11.賭徒 → 賭神	42	MONOLOGUE(獨白)	玩家	『職業變更已登錄。變更登記費已自動結算。』							
11.賭徒 → 賭神	43	DIALOGUE(對話)	每位引路人被問到「你為什麼在這裡」時，都會給出一個**指向別人、但自己已經忘記**的答案				每位引路人被問到「你為什麼在這裡」時，都會給出一個**指向別人、但自己已經忘記**的答案				