模組,功能,目前用途,白話說明,資料標準,介面標準,下一版設計標準,改版注意
全域,設計原則,整體遊戲與後台,"這是一個 Discord-first 的養成遊戲，玩家主要用按鈕、面板、少量指令操作。","所有功能都要有明確資料來源，避免前端硬編數值。","同一功能的名稱、按鈕、提示文案要一致。","下一版所有功能要先定義用途，再決定畫面與資料欄位。","改版前先看這份，不要直接改程式"
全域,資料來源,玩家/怪物/道具/任務/設定,"遊戲內容都來自後台資料庫，不應在前端硬編數值。","怪物、道具、任務、職業、版位都應以資料庫為準。","前台只負責顯示與互動，不負責決定規則。","新增內容先補資料表，再補畫面。","避免前後端各寫一套"
全域,版本標準,下一版修改依據,"這份 CSV 會當作改版共同標準。","功能、資料、權限、獎勵都要能追蹤。","任何新畫面都要能對應到功能名稱。","新版本若要刪改功能，先標記用途再決定保留或重做。","不要先刪後補"
全域,命名標準,所有模組,"讓玩家和管理員都能看懂功能。","資料欄位可保留技術 key，但顯示名稱要白話。","按鈕、標題、說明要盡量一致。","下一版要避免同一件事有兩個說法。","名稱越少越好"
帳號,自動建檔,首次互動建立玩家資料,"玩家第一次進系統就自動建立帳號，不用先註冊。","玩家資料、錢包、進度要在第一次互動時自動補齊。","不要要求新手先填繁瑣表單。","維持零門檻進入。","新入口都不能破壞這點"
帳號,直播綁定,把直播身分對應到 Discord 玩家,"讓系統知道直播聊天室的 `!打卡` 是誰在用。","綁定結果要能回查到 Discord ID 與直播帳號。","流程要有綁定碼與確認提示。","下一版要把綁定流程做得更清楚。","與打卡和會員分級相關"
帳號,玩家狀態,啟用/停用玩家,"管理員可停用玩家，避免異常帳號繼續操作。","玩家狀態至少要有 active / disabled。","查詢時要清楚顯示是否停用。","下一版所有管理畫面都要看得到狀態。","停用不等於刪除"
玩家,玩家面板,玩家主要入口,"玩家用這裡進入自己的功能，不靠背指令。","玩家功能按鈕應集中在同一個主面板。","第一層入口要少而清楚。","下一版玩家面板要當成主要導航。","玩家常用功能優先"
玩家,我的資料,查看角色總覽,"顯示玩家等級、屬性、職業、金幣、鑽石等基本資訊。","資料來源是玩家進度、錢包、裝備計算結果。","資訊要精簡，先顯示最重要的數字。","下一版維持一眼看懂。","不要塞太多裝飾文案"
玩家,我的錢包,查看金幣與鑽石,"玩家快速看自己有多少錢。","至少包含 gold 與 diamond。","使用清楚的大數字顯示。","保留為高頻查詢入口。","幣種不要混寫"
玩家,交易紀錄,查看金幣/鑽石變動,"讓玩家知道錢是怎麼進出、哪裡來、花到哪裡去。","交易記錄要能查來源、方向、數量、結算後餘額。","最近紀錄要一眼可讀。","下一版保留稽核感與客服查詢能力。","避免爭議"
玩家,打卡狀態,查看今日打卡與歷史,"顯示今天有沒有打卡，最近幾天打卡情況如何。","要有今日狀態與最近歷史。","提醒玩家是否已完成。","保留每日習慣追蹤。","跟每日任務連動"
玩家,背包,管理所有道具,"玩家能看、用、丟掉自己拿到的東西。","背包需支援 itemType、tier、equipSlot、stackCount。","分類要明顯，操作按鈕不要太多。","下一版要把背包當成主要物品中心。","道具說明要一致"
玩家,裝備欄,管理身上裝備,"玩家把武器、防具、徽章裝到身上，直接影響戰鬥。","裝備欄位要固定且可回存。","裝備前後差異要能看出來。","下一版要強調裝上後變強什麼。","戰鬥數值核心"
玩家,裝備強化,強化武器與防具,"用寶石和金幣把裝備升級，成功後數值變高。","強化要記錄品階、等級、消耗、成功率、爆裝結果。","要清楚顯示成功率與材料需求。","下一版保留風險，但文案要更清楚。","高價值功能"
玩家,任務中心,查看每日/每週/新手/職業任務,"把所有任務集中在同一個地方。","任務要能分 cadence、target、reward、unlock 條件。","要能看進度、領獎、看未解鎖原因。","下一版當成成長導引，不只是領獎頁。","引導玩家下一步"
玩家,綁定直播帳號入口,在玩家面板內建立綁定流程,"玩家可以從面板直接拿綁定碼。","綁定資料要能從面板和直播聊天室互通。","流程要少步驟。","下一版要更清楚告知用途。","會影響打卡"
戰鬥,怪物戰鬥,主 PvE 打怪玩法,"玩家在怪物區出戰、打怪、搶傷害、拿獎勵。","戰鬥需保留參戰者、傷害排行、結算結果。","要顯示怪物血量、獎勵、參戰人數。","下一版仍保留為主循環，但節奏要更清楚。","核心玩法"
戰鬥,戰鬥公式,屬性與武器影響傷害,"STR、AGI、VIT、INT、DEX、LUK 會影響命中、閃避、暴擊、格擋、傷害。","傷害、減傷、暴擊、命中、閃避都要有一致公式。","文案要能讓玩家知道為什麼打高或打低。","下一版保留公式透明化。","避免黑盒感"
戰鬥,職業徽章,11 個一轉與 13 條二轉分支,"玩家拿到徽章後，可以走不同流派；目前 11 條二轉開放、2 條鎖定。","徽章要掛在 job_eq，並可影響戰鬥。","職業定位要白話化。","下一版每個職業都要有一段容易懂的定位。","流派分歧核心；分支現況以 jobAdvancement.js 為準"
戰鬥,怪物卡片,怪物技能效果,"怪物卡提供各種戰鬥技能，例如中毒、燃燒、沉默、冰凍等。","卡片需有技能 key、觸發條件、持續時間、效果強度。","每張卡最好有一句定位。","下一版卡片說明要先讓玩家知道『拿到會發生什麼』。","收集與戰鬥結合"
戰鬥,敗北傷勢,死亡懲罰,"Lv.5 以上玩家在同怪未倒時死亡，下一場會有傷勢減益。","要能保留永久型 debuff，並在怪死或換怪時清掉。","提示要很明確，讓玩家知道這是暫時懲罰。","下一版保留，但要降低誤解。","避免誤會"
戰鬥,命中與閃避,攻擊能不能打中,"命中和閃避會決定傷害有沒有成立。","命中、閃避要從屬性和裝備計算。","失敗/閃避時要有清楚回饋。","下一版保留，但提示更直觀。","戰鬥回饋很重要"
戰鬥,格擋與反擊,盾牌與劍士特殊效果,"有些武器或職業在被打時可以格擋或反擊。","格擋、反擊都要是可追蹤效果。","要在戰鬥訊息中看得出來。","下一版讓玩家知道防守不是純減傷。","有戰術感"
戰鬥,連擊,連續打出額外傷害,"某些武器或屬性可以連擊。","要能計算連擊率與連擊傷害倍率。","要在戰鬥中顯示連擊結果。","下一版保留作為高手感機制。","匕首相關"
戰鬥,擊暈,短暫讓怪物不能動,"槌類或怪物效果會造成暈眩。","需有回合數與觸發率。","要顯示還能暈幾回合。","下一版保留控制節奏。","控場核心"
戰鬥,穿透防禦,忽略部分怪物防禦,"法杖、骰子或特殊效果可穿透防禦；斧類破防已移除。","要能把 ignore def 的效果併入計算。","要讓玩家知道這回合有穿防。","下一版保留爆發手感。","打硬皮怪重要"
戰鬥,持續傷害,中毒/燃燒/流血等,"怪物或效果會造成每回合掉血。","DOT 需有來源、回合數、強度。","要顯示持續效果還剩幾回合。","下一版要讓玩家看懂是持續傷害，不是單次傷害。","效果字典核心"
戰鬥,控制效果,沉默/冰凍/睡眠等,"怪物可讓玩家暫時不能行動或不能放技能。","控制效果需有 duration 與免疫判定。","要清楚顯示不能行動的原因。","下一版保留控制差異化。","戰鬥層次感"
戰鬥,回復效果,補血/吸血/光環,"戰鬥中可以回 HP，某些職業還有隊伍光環。","回復要能來自技能、裝備、職業與 NPC 事件。","要在 log 中看得懂是怎麼補的。","下一版保留團隊支援玩法。","治療師相關"
戰鬥,怪物區分級,新手區到精英區,"不同區域有不同等級門檻與怪物難度。","zone 要有 minLevel、maxLevel、entryFee。","區域名稱要像遊戲世界，不像管理名。","下一版保留階梯成長。","玩家進度路徑"
戰鬥,世界王,多條大型 Boss 線,"大史王、古龍王、地獄狼牙王與活動島島龜王各有部位、時限或獨立規則。","Boss 要有部位血量、限時、成功/失敗狀態。","要讓玩家知道打哪個部位。","下一版簡化規則說明。","高階活動內容；實際開關看 DB"
戰鬥,戰鬥結算,發獎與下一隻怪,"打贏後結算金幣、EXP、掉落，然後切下一隻怪。","結算要分傷害、幸運掉落、參戰獎勵。","要有明確結果回報。","下一版強化結算感。","主循環收尾"
放置,掛機區,低操作資源玩法,"玩家不手動打怪也能拿金幣和經驗。","收益需有每分鐘數值、可領時長、區域門檻。","要讓玩家知道能掛多久、拿多少。","下一版強調輕鬆成長。","適合離線"
放置,掛機結算,領取掛機獎勵,"玩家回來時一鍵領收益。","要記錄開始時間、結束時間、最後領取時間。","結果要清楚顯示賺了多少。","下一版保留一鍵領。","與戰鬥可能互斥"
經濟,金幣商店,買道具與補給,"玩家用金幣或鑽石換道具、圖片、裝備等。","商品需有 price、currency、stock、maxPerMonth、allowedTiers。","商品分類要簡單清楚。","下一版保留消耗資源口。","經濟回收點"
經濟,商店分類,消耗品/裝備/圖片/特殊,"讓玩家先分種類再看商品。","itemType 要固定，分類不能亂。","分類按鈕要少且明確。","下一版分類邏輯要統一。","避免找不到商品"
經濟,拍賣場,玩家之間交易,"玩家可把裝備、卡片、強化石上架給其他人買。","拍賣資料需有價格、貨幣、到期、上架者、狀態。","要有購買、下架、領回等流程。","下一版把拍賣做成標準市場。","玩家互動經濟"
經濟,拍賣上架,玩家把物品放上去賣,"玩家決定價格與上架時間。","上架時需檢查物品類型與數量。","要能看懂自己賣的是什麼。","下一版保留但流程更直覺。","限制要清楚"
經濟,拍賣購買,玩家買別人的東西,"玩家看列表並確認購買。","購買後要扣款、入背包、紀錄交易。","確認頁要有價格與剩餘時間。","下一版保留確認機制。","避免誤買"
經濟,拍賣領回,商品到期退回,"賣家可把過期商品領回。","到期商品狀態要清楚。","領回入口要明顯。","下一版保留逾時機制。","交易必須可回收"
對戰,PK 擂台,玩家對玩家對打,"兩位玩家進場後可開打，也能下注看誰會贏。","要記錄擂台、參賽者、下注、戰報、獎勵。","要顯示擂台等級區間與剩餘狀態。","下一版保留競技，但說明要更白話。","競技內容"
對戰,PK 下注,旁觀玩家押勝負,"其他玩家可以押誰會贏。","下注金額要固定或明確規則。","下注要有確認和結果回報。","下一版保留娛樂性。","高風險功能"
對戰,PK 戰報,結算打鬥紀錄,"戰後會發戰報與獎勵。","戰報要記錄回合與結果。","戰報要讓玩家回看。","下一版保留回顧感。","可當內容產出"
社交,個人房間面板,專用個人操作空間,"管理員可發布並鎖定頻道，讓玩家在指定空間操作。","要有 channel 鎖定與解鎖邏輯。","畫面上要清楚寫『私人操作區』。","下一版若保留，定位要明確。","權限敏感"
社交,玩家查詢面板,管理員查指定玩家,"讓管理員快速看某個玩家的資料、錢包和交易。","查詢結果要包含玩家、等級、錢包、近幾筆交易。","要適合客服快速看。","下一版保留管理用途。","稽核工具"
社交,公告面板,活動或功能公告,"用來發布遊戲資訊或活動。","公告內容最好有標題、用途、連結或操作按鈕。","統一公告格式。","下一版要更像正式公告。","維持訊息品質"
社交,聊天區,玩家一般聊天,"提供遊戲內社交、閒聊與嗆聲。","聊天區與功能區要分清楚。","不要讓功能操作混在聊天。","下一版維持社交氛圍。","別干擾玩法"
管理,Discord 版位配置,設定每個功能對應頻道,"後台可以決定哪個 Discord 頻道對應哪個功能面板。","binding 需有 featureKey、channelId、enabled、note、visibleTo。","管理頁要能一眼看出每個功能綁在哪。","下一版這是主要維運工具。","你現在要用的就是這個"
管理,同步權限,把版位設定套到 Discord,"系統會依設定改頻道可見權限。","同步時要依 visibleTo 與白名單寫回 ViewChannel。","要顯示同步結果與變更數。","下一版保留一鍵同步。","很重要"
管理,玩家權限,誰可以使用玩家功能,"用角色或 user id 控制玩家面板可用範圍。","玩家權限要能支援公開、白名單、關閉三種模式。","後台要能勾選玩家與管理員可見。","下一版要更簡單地切換。","避免誤開"
管理,管理員權限,誰可以管理後台,"管理員可以發獎、查資料、改設定。","重要操作都要有稽核記錄。","高權限操作要清楚標註。","下一版保留安全追蹤。","安全性"
管理,功能發布,把面板送到 Discord 頻道,"後台可以直接把功能面板發到指定頻道。","每個功能發布後要回寫 messageId。","發布按鈕要清楚標示用途。","下一版保留一鍵發布。","避免人工重複貼"
管理,功能啟用,控制某功能是否生效,"可在後台把某個功能關掉。","enabled = false 時不應再自動刷新或顯示給玩家。","管理頁要有明確開關。","下一版任何功能都要有總開關。","你前面提到的關閉就是這個方向"
管理,可見對象,玩家/管理員顯示範圍,"後台可決定玩家看不看得到，管理員看不看得到。","visibleTo.player / visibleTo.admin 要獨立。","要讓管理者看懂差異。","下一版要支援更精細受眾。","很實用"
資料,道具系統,消耗品/圖片/裝備/徽章/卡片,"所有物品都掛在同一套資料中，只是用途不同。","itemType、tier、equipSlot、weaponType、effect 要規範化。","道具列表要清楚顯示用途。","下一版要把每種物品用途寫白話。","物品說明要統一"
資料,消耗品,一次性效果道具,"吃掉就會消失，會回金幣、鑽石、EXP、屬性或其他效果。","useEffects 要固定格式。","要讓玩家知道吃掉後會發生什麼。","下一版保留一次性消耗。","不要寫太抽象"
資料,裝備,可穿戴武器防具,"穿上會影響戰鬥數值。","equipStats、equipSlot、weaponType 必須一致。","要顯示屬性加成。","下一版裝備命名要更直覺。","核心成長"
資料,圖片收藏,純展示型道具,"主要是收藏與展示，不一定有戰鬥作用。","collectible 類型不要誤當成戰鬥道具。","要讓玩家知道是收藏品。","下一版保留收藏感。","避免誤用"
資料,職業徽章道具,職業任務獎勵與戰鬥裝備,"完成職業任務拿到的徽章。","job_badge 要走職業槽。","徽章說明要清楚寫出能加什麼。","下一版職業徽章要更像身份證明。","職業系統核心"
資料,怪物卡道具,怪物技能卡,"怪物卡裝上後會給戰鬥效果。","monster_card 要能對應技能資料。","要顯示是哪隻怪的卡、做什麼用。","下一版要做卡片定位說明。","收集與強度並重"
資料,效果系統,所有 buff/debuff/proc,"同一套效果字典支援戰鬥、商店、任務、活動等。","effect key 要統一，持續時間與堆疊方式要明確。","顯示名稱要白話，技術 key 不直接給玩家看。","下一版效果名稱要先白話化。","很適合做成字典"
資料,任務系統,每日/每週/新手/職業任務,"用任務引導玩家做事並拿獎勵。","quest 需有 cadence、type、target、reward、unlock 條件。","任務要看得到進度與獎勵。","下一版任務內容要更像遊戲目標。","引導玩家行為"
資料,任務獎勵,金幣/EXP/道具/徽章,"完成任務會給玩家回饋。","rewardGold、rewardExp、rewardItemId 要固定。","要顯示領到什麼。","下一版獎勵要清楚且不要太分散。","維持留存"
資料,等級成長,升等與屬性點,"升級會帶來屬性點與戰力提升。","level、exp、statusPoints、attributes 要一致。","要讓玩家知道升等會變強。","下一版維持成長曲線，但避免太慢。","整體節奏"
資料,金幣,主流通貨,"用來買東西、強化、交易。","gold 要是主要消耗幣。","數字顯示要清楚。","下一版要保留主要經濟循環。","不要跟鑽石混淆"
資料,鑽石,高價值通貨,"比較稀有的貨幣。","diamond 用於特殊商品或高價值功能。","顯示要與金幣明顯分開。","下一版鑽石要維持稀缺。","慎重使用"
資料,寶石,強化材料,"強化裝備的材料。","寶石需依品階對應材料 ID。","要能看出還差幾顆。","下一版保留材料收集節奏。","強化核心"
平衡,經驗與升級,升等成長,"升級會帶來屬性點與戰力提升。","需要固定的 exp 曲線與 max level。","要讓玩家知道差多少升級。","下一版避免前期太慢、後期太陡。","整體節奏"
平衡,獎勵結構,金幣/鑽石/EXP/道具,"不同玩法提供不同回饋。","每個玩法最好都有主獎勵與副獎勵。","要讓玩家知道玩這個在拿什麼。","下一版避免獎勵太分散。","留存關鍵"
平衡,強化材料,寶石與金幣消耗,"強化需要材料，成功率不會一直 100%。","強化要有成本、成功率、上限。","要讓玩家知道風險。","下一版材料是核心消耗口。","經濟消耗"
平衡,掉落率,怪物掉物品機率,"掉落不要太隨機亂掉。","掉落需要 tier、zone、怪物類型相互對應。","要顯示掉了什麼。","下一版讓掉落更可預期。","不要太黑箱"
平衡,參戰人數獎勵,多人一起打怪,"多人打怪時會有額外獎勵感。","參戰人數與獎勵池要可計算。","要顯示參戰人數。","下一版保留多人合作收益。","鼓勵組團"
運營,公告與活動,活動說明與通知,"給玩家知道現在有什麼活動或改版。","公告要有日期、目的、結束時間。","格式要統一。","下一版公告要標準化。","維持訊息品質"
運營,稽核紀錄,管理員操作留痕,"重要操作要能追蹤。","發獎、改設定、同步權限都要記錄。","查詢時要看得懂誰做了什麼。","下一版所有敏感操作都要留痕。","避免爭議"
運營,資料更新,改版前置流程,"改資料前要先看設計標準。","每次變更都要知道影響哪些功能。","最好能對照 CSV 修改。","下一版以這份 CSV 為基準。","先規劃再動手"
